"lhs","op","rhs","est","se","z","pvalue","ci.lower","ci.upper","std.lv","std.all","std.nox"
"BSB","~","TT",0,NA,NA,NA,NA,NA,0,0,0
"BSB","~","JD",0,NA,NA,NA,NA,NA,0,0,0
"BSB","~","DB",0,NA,NA,NA,NA,NA,0,0,0
"BSB","~","JCA",0,NA,NA,NA,NA,NA,0,0,0
"BSB","~","JCT",0,NA,NA,NA,NA,NA,0,0,0
"BSB","~","JCB",0,NA,NA,NA,NA,NA,0,0,0
"BSB","~","JCL",0,NA,NA,NA,NA,NA,0,0,0
"BSB","~","CP",0,NA,NA,NA,NA,NA,0,0,0
"BSB","~","JR",0,NA,NA,NA,NA,NA,0,0,0
"BSB","~","JAR",0,NA,NA,NA,NA,NA,0,0,0
"BSB","~","JPT",0,NA,NA,NA,NA,NA,0,0,0
"BSB","~","BPT",0,NA,NA,NA,NA,NA,0,0,0
"BSB","~","BPL",0,NA,NA,NA,NA,NA,0,0,0
"BSB","~","PP",0,NA,NA,NA,NA,NA,0,0,0
"BSB","~","LP",0,NA,NA,NA,NA,NA,0,0,0
"BSB","~","TP",0,NA,NA,NA,NA,NA,0,0,0
"BSB","~","JBP",0,NA,NA,NA,NA,NA,0,0,0
"BSB","~","JBT",0,NA,NA,NA,NA,NA,0,0,0
"BSB","~","BBT",0,NA,NA,NA,NA,NA,0,0,0
"BSB","~","BBL",0,NA,NA,NA,NA,NA,0,0,0
"BSB","~","PB",0,NA,NA,NA,NA,NA,0,0,0
"BSB","~","LB",0,NA,NA,NA,NA,NA,0,0,0
"BSB","~","TB",0,NA,NA,NA,NA,NA,0,0,0
"BSB","~~","BSB",6.44628611111111,NA,NA,NA,NA,NA,6.44628611111111,1,1
"TT","~~","TT",87.6757854166667,0,NA,NA,87.6757854166667,87.6757854166667,87.6757854166667,1,87.6757854166667
"TT","~~","JD",-3.03493333333333,0,NA,NA,-3.03493333333333,-3.03493333333333,-3.03493333333333,-0.370366045075607,-3.03493333333333
"TT","~~","DB",2.33156875,0,NA,NA,2.33156875,2.33156875,2.33156875,0.508183404247798,2.33156875
"TT","~~","JCA",2.73491875,0,NA,NA,2.73491875,2.73491875,2.73491875,0.27521209277355,2.73491875
"TT","~~","JCT",0.827195833333333,0,NA,NA,0.827195833333333,0.827195833333333,0.827195833333333,0.187454962593756,0.827195833333333
"TT","~~","JCB",2.2222125,0,NA,NA,2.2222125,2.2222125,2.2222125,0.285442464945536,2.2222125
"TT","~~","JCL",5.80597291666666,0,NA,NA,5.80597291666666,5.80597291666666,5.80597291666666,0.278235962585001,5.80597291666666
"TT","~~","CP",-0.201929166666667,0,NA,NA,-0.201929166666667,-0.201929166666667,-0.201929166666667,-0.0263500926257707,-0.201929166666667
"TT","~~","JR",0.649166666666665,0,NA,NA,0.649166666666665,0.649166666666665,0.649166666666665,0.0213954649932052,0.649166666666665
"TT","~~","JAR",-1.87254583333333,0,NA,NA,-1.87254583333333,-1.87254583333333,-1.87254583333333,-0.303341965522558,-1.87254583333333
"TT","~~","JPT",5.45431874999999,0,NA,NA,5.45431874999999,5.45431874999999,5.45431874999999,0.0422925525934204,5.45431874999999
"TT","~~","BPT",29.3492166666667,0,NA,NA,29.3492166666667,29.3492166666667,29.3492166666667,0.492025498669106,29.3492166666667
"TT","~~","BPL",550.74725,0,NA,NA,550.74725,550.74725,550.74725,0.391329647949184,550.74725
"TT","~~","PP",-11.6138270833333,0,NA,NA,-11.6138270833333,-11.6138270833333,-11.6138270833333,-0.238934155182861,-11.6138270833333
"TT","~~","LP",-2.85875833333333,0,NA,NA,-2.85875833333333,-2.85875833333333,-2.85875833333333,-0.322073063280321,-2.85875833333333
"TT","~~","TP",-0.4034375,0,NA,NA,-0.4034375,-0.4034375,-0.4034375,-0.0700863786324382,-0.4034375
"TT","~~","JBP",0.241127083333334,0,NA,NA,0.241127083333334,0.241127083333334,0.241127083333334,0.109357160936546,0.241127083333334
"TT","~~","JBT",33.9863458333333,0,NA,NA,33.9863458333333,33.9863458333333,33.9863458333333,0.169366187729875,33.9863458333333
"TT","~~","BBT",2.86704375,0,NA,NA,2.86704375,2.86704375,2.86704375,0.129796153391803,2.86704375
"TT","~~","BBL",37.5773270833333,0,NA,NA,37.5773270833333,37.5773270833333,37.5773270833333,0.0801881510887413,37.5773270833333
"TT","~~","PB",-1.6801375,0,NA,NA,-1.6801375,-1.6801375,-1.6801375,-0.258307836973767,-1.6801375
"TT","~~","LB",-1.74951666666667,0,NA,NA,-1.74951666666667,-1.74951666666667,-1.74951666666667,-0.29969340675159,-1.74951666666667
"TT","~~","TB",-1.04815,0,NA,NA,-1.04815,-1.04815,-1.04815,-0.235134518678901,-1.04815
"JD","~~","JD",0.765872222222222,0,NA,NA,0.765872222222222,0.765872222222222,0.765872222222222,1,0.765872222222222
"JD","~~","DB",-0.0378305555555555,0,NA,NA,-0.0378305555555555,-0.0378305555555555,-0.0378305555555555,-0.0882219483732889,-0.0378305555555555
"JD","~~","JCA",-0.112133333333333,0,NA,NA,-0.112133333333333,-0.112133333333333,-0.112133333333333,-0.120731192407012,-0.112133333333333
"JD","~~","JCT",0.00928888888888888,0,NA,NA,0.00928888888888888,0.00928888888888888,0.00928888888888888,0.0225223677520657,0.00928888888888888
"JD","~~","JCB",-0.0685027777777778,0,NA,NA,-0.0685027777777778,-0.0685027777777778,-0.0685027777777778,-0.0941462124381709,-0.0685027777777778
"JD","~~","JCL",-0.168447222222222,0,NA,NA,-0.168447222222222,-0.168447222222222,-0.168447222222222,-0.0863701719511466,-0.168447222222222
"JD","~~","CP",-0.111286111111111,0,NA,NA,-0.111286111111111,-0.111286111111111,-0.111286111111111,-0.155376642590102,-0.111286111111111
"JD","~~","JR",-1.11416666666667,0,NA,NA,-1.11416666666667,-1.11416666666667,-1.11416666666667,-0.39289576951135,-1.11416666666667
"JD","~~","JAR",-0.169638888888889,0,NA,NA,-0.169638888888889,-0.169638888888889,-0.169638888888889,-0.29402694575521,-0.169638888888889
"JD","~~","JPT",-5.78232222222222,0,NA,NA,-5.78232222222222,-5.78232222222222,-5.78232222222222,-0.479719471167776,-5.78232222222222
"JD","~~","BPT",-0.893294444444444,0,NA,NA,-0.893294444444444,-0.893294444444444,-0.893294444444444,-0.160231316982722,-0.893294444444444
"JD","~~","BPL",-8.00298333333334,0,NA,NA,-8.00298333333334,-8.00298333333334,-8.00298333333334,-0.0608420727140468,-8.00298333333334
"JD","~~","PP",2.14206944444444,0,NA,NA,2.14206944444444,2.14206944444444,2.14206944444444,0.47151780833426,2.14206944444444
"JD","~~","LP",0.25505,0,NA,NA,0.25505,0.25505,0.25505,0.30744254153202,0.25505
"JD","~~","TP",0.106725,0,NA,NA,0.106725,0.106725,0.106725,0.198374202357429,0.106725
"JD","~~","JBP",0.0811416666666666,0,NA,NA,0.0811416666666666,0.0811416666666666,0.0811416666666666,0.393737546966484,0.0811416666666666
"JD","~~","JBT",-7.57055833333333,0,NA,NA,-7.57055833333333,-7.57055833333333,-7.57055833333333,-0.403656382083882,-7.57055833333333
"JD","~~","BBT",-0.870216666666667,0,NA,NA,-0.870216666666667,-0.870216666666667,-0.870216666666667,-0.421518433963412,-0.870216666666667
"JD","~~","BBL",-9.47940833333333,0,NA,NA,-9.47940833333333,-9.47940833333333,-9.47940833333333,-0.216434864053517,-9.47940833333333
"JD","~~","PB",0.235933333333333,0,NA,NA,0.235933333333333,0.235933333333333,0.235933333333333,0.388100082036392,0.235933333333333
"JD","~~","LB",0.249236111111111,0,NA,NA,0.249236111111111,0.249236111111111,0.249236111111111,0.456805941674979,0.249236111111111
"JD","~~","TB",0.147619444444444,0,NA,NA,0.147619444444444,0.147619444444444,0.147619444444444,0.354322059223925,0.147619444444444
"DB","~~","DB",0.240090972222222,0,NA,NA,0.240090972222222,0.240090972222222,0.240090972222222,1,0.240090972222222
"DB","~~","JCA",0.0967354166666664,0,NA,NA,0.0967354166666664,0.0967354166666664,0.0967354166666664,0.186020371843856,0.0967354166666664
"DB","~~","JCT",0.0743069444444444,0,NA,NA,0.0743069444444444,0.0743069444444444,0.0743069444444444,0.32178805935535,0.0743069444444444
"DB","~~","JCB",0.173423611111111,0,NA,NA,0.173423611111111,0.173423611111111,0.173423611111111,0.425689697325405,0.173423611111111
"DB","~~","JCL",0.341653472222222,0,NA,NA,0.341653472222222,0.341653472222222,0.341653472222222,0.312878710723187,0.341653472222222
"DB","~~","CP",0.166690277777778,0,NA,NA,0.166690277777778,0.166690277777778,0.166690277777778,0.415666745279272,0.166690277777778
"DB","~~","JR",0.166666666666666,0,NA,NA,0.166666666666666,0.166666666666666,0.166666666666666,0.10497023874326,0.166666666666666
"DB","~~","JAR",-0.0750236111111111,0,NA,NA,-0.0750236111111111,-0.0750236111111111,-0.0750236111111111,-0.232246897751454,-0.0750236111111111
"DB","~~","JPT",0.352032638888888,0,NA,NA,0.352032638888888,0.352032638888888,0.352032638888888,0.0521624801148297,0.352032638888888
"DB","~~","BPT",0.974636111111111,0,NA,NA,0.974636111111111,0.974636111111111,0.974636111111111,0.312237823907132,0.974636111111111
"DB","~~","BPL",17.6955,0,NA,NA,17.6955,17.6955,17.6955,0.240273110568166,17.6955
"DB","~~","PP",-0.129113194444444,0,NA,NA,-0.129113194444444,-0.129113194444444,-0.129113194444444,-0.0507604453669341,-0.129113194444444
"DB","~~","LP",-0.0841666666666666,0,NA,NA,-0.0841666666666666,-0.0841666666666666,-0.0841666666666666,-0.181204511189502,-0.0841666666666666
"DB","~~","TP",-0.0953624999999999,0,NA,NA,-0.0953624999999999,-0.0953624999999999,-0.0953624999999999,-0.316582498237729,-0.0953624999999999
"DB","~~","JBP",-0.02128125,0,NA,NA,-0.02128125,-0.02128125,-0.02128125,-0.184437949321194,-0.02128125
"DB","~~","JBT",-1.17779583333334,0,NA,NA,-1.17779583333334,-1.17779583333334,-1.17779583333334,-0.112161593497963,-1.17779583333334
"DB","~~","BBT",0.0159854166666666,0,NA,NA,0.0159854166666666,0.0159854166666666,0.0159854166666666,0.0138294013305341,0.0159854166666666
"DB","~~","BBL",-2.66746458333334,0,NA,NA,-2.66746458333334,-2.66746458333334,-2.66746458333334,-0.10877645327681,-2.66746458333334
"DB","~~","PB",-0.0116708333333332,0,NA,NA,-0.0116708333333332,-0.0116708333333332,-0.0116708333333332,-0.0342883464657953,-0.0116708333333332
"DB","~~","LB",-0.0843277777777777,0,NA,NA,-0.0843277777777777,-0.0843277777777777,-0.0843277777777777,-0.276046139384166,-0.0843277777777777
"DB","~~","TB",-0.0837194444444444,0,NA,NA,-0.0837194444444444,-0.0837194444444444,-0.0837194444444444,-0.35889813903607,-0.0837194444444444
"JCA","~~","JCA",1.12635208333333,0,NA,NA,1.12635208333333,1.12635208333333,1.12635208333333,1,1.12635208333333
"JCA","~~","JCT",0.415145833333333,0,NA,NA,0.415145833333333,0.415145833333333,0.415145833333333,0.830026650003263,0.415145833333333
"JCA","~~","JCB",0.739804166666667,0,NA,NA,0.739804166666667,0.739804166666667,0.739804166666667,0.838402412022353,0.739804166666667
"JCA","~~","JCL",2.27848125,0,NA,NA,2.27848125,2.27848125,2.27848125,0.963355243082514,2.27848125
"JCA","~~","CP",0.259329166666667,0,NA,NA,0.259329166666667,0.259329166666667,0.259329166666667,0.298563839337333,0.259329166666667
"JCA","~~","JR",1.9875,0,NA,NA,1.9875,1.9875,1.9875,0.577930220158811,1.9875
"JCA","~~","JAR",0.2111625,0,NA,NA,0.2111625,0.2111625,0.2111625,0.301800242389583,0.2111625
"JCA","~~","JPT",6.96028541666667,0,NA,NA,6.96028541666667,6.96028541666667,6.96028541666667,0.476160298319914,6.96028541666667
"JCA","~~","BPT",0.437483333333333,0,NA,NA,0.437483333333333,0.437483333333333,0.437483333333333,0.0647076097316228,0.437483333333333
"JCA","~~","BPL",23.961625,0,NA,NA,23.961625,23.961625,23.961625,0.150213661142332,23.961625
"JCA","~~","PP",-4.07927708333333,0,NA,NA,-4.07927708333333,-4.07927708333333,-4.07927708333333,-0.74043823169434,-4.07927708333333
"JCA","~~","LP",-0.827508333333333,0,NA,NA,-0.827508333333333,-0.827508333333333,-0.827508333333333,-0.822530641406911,-0.827508333333333
"JCA","~~","TP",-0.314929166666667,0,NA,NA,-0.314929166666667,-0.314929166666667,-0.314929166666667,-0.482695210717918,-0.314929166666667
"JCA","~~","JBP",-0.0173979166666666,0,NA,NA,-0.0173979166666666,-0.0173979166666666,-0.0173979166666666,-0.069614743832014,-0.0173979166666666
"JCA","~~","JBT",9.87950416666666,0,NA,NA,9.87950416666666,9.87950416666666,9.87950416666666,0.434370314908074,9.87950416666666
"JCA","~~","BBT",0.213110416666667,0,NA,NA,0.213110416666667,0.213110416666667,0.213110416666667,0.0851206495897218,0.213110416666667
"JCA","~~","BBL",7.17564374999999,0,NA,NA,7.17564374999999,7.17564374999999,7.17564374999999,0.135097693135364,7.17564374999999
"JCA","~~","PB",-0.4945375,0,NA,NA,-0.4945375,-0.4945375,-0.4945375,-0.670802597715602,-0.4945375
"JCA","~~","LB",-0.440733333333333,0,NA,NA,-0.440733333333333,-0.440733333333333,-0.440733333333333,-0.666097420401995,-0.440733333333333
"JCA","~~","TB",-0.298091666666667,0,NA,NA,-0.298091666666667,-0.298091666666667,-0.298091666666667,-0.589991202364381,-0.298091666666667
"JCT","~~","JCT",0.222097222222222,0,NA,NA,0.222097222222222,0.222097222222222,0.222097222222222,1,0.222097222222222
"JCT","~~","JCB",0.314163888888889,0,NA,NA,0.314163888888889,0.314163888888889,0.314163888888889,0.80178426730415,0.314163888888889
"JCT","~~","JCL",0.949948611111111,0,NA,NA,0.949948611111111,0.949948611111111,0.949948611111111,0.904495974505923,0.949948611111111
"JCT","~~","CP",0.244730555555556,0,NA,NA,0.244730555555556,0.244730555555556,0.244730555555556,0.634511588584529,0.244730555555556
"JCT","~~","JR",1.04833333333333,0,NA,NA,1.04833333333333,1.04833333333333,1.04833333333333,0.68648836680415,1.04833333333333
"JCT","~~","JAR",0.126919444444444,0,NA,NA,0.126919444444444,0.126919444444444,0.126919444444444,0.408504148696594,0.126919444444444
"JCT","~~","JPT",4.17476527777778,0,NA,NA,4.17476527777778,4.17476527777778,4.17476527777778,0.643166943897905,4.17476527777778
"JCT","~~","BPT",-0.187002777777778,0,NA,NA,-0.187002777777778,-0.187002777777778,-0.187002777777778,-0.0622884354660066,-0.187002777777778
"JCT","~~","BPL",-0.121908333333331,0,NA,NA,-0.121908333333331,-0.121908333333331,-0.121908333333331,-0.00172104441325708,-0.121908333333331
"JCT","~~","PP",-1.19616805555556,0,NA,NA,-1.19616805555556,-1.19616805555556,-1.19616805555556,-0.488948760354454,-1.19616805555556
"JCT","~~","LP",-0.264225,0,NA,NA,-0.264225,-0.264225,-0.264225,-0.591451497905848,-0.264225
"JCT","~~","TP",-0.12515,0,NA,NA,-0.12515,-0.12515,-0.12515,-0.431972877742992,-0.12515
"JCT","~~","JBP",-0.0101041666666667,0,NA,NA,-0.0101041666666667,-0.0101041666666667,-0.0101041666666667,-0.0910479148539838,-0.0101041666666667
"JCT","~~","JBT",5.0043,0,NA,NA,5.0043,5.0043,5.0043,0.495488804315828,5.0043
"JCT","~~","BBT",0.0938291666666669,0,NA,NA,0.0938291666666669,0.0938291666666669,0.0938291666666669,0.0843982866403625,0.0938291666666669
"JCT","~~","BBL",2.4440625,0,NA,NA,2.4440625,2.4440625,2.4440625,0.10362508305714,2.4440625
"JCT","~~","PB",-0.137366666666667,0,NA,NA,-0.137366666666667,-0.137366666666667,-0.137366666666667,-0.4196066732652,-0.137366666666667
"JCT","~~","LB",-0.160888888888889,0,NA,NA,-0.160888888888889,-0.160888888888889,-0.160888888888889,-0.547587374207498,-0.160888888888889
"JCT","~~","TB",-0.140130555555556,0,NA,NA,-0.140130555555556,-0.140130555555556,-0.140130555555556,-0.624588615783109,-0.140130555555556
"JCB","~~","JCB",0.691280555555556,0,NA,NA,0.691280555555556,0.691280555555556,0.691280555555556,1,0.691280555555556
"JCB","~~","JCL",1.74368194444444,0,NA,NA,1.74368194444444,1.74368194444444,1.74368194444444,0.941061897311809,1.74368194444444
"JCB","~~","CP",0.358680555555556,0,NA,NA,0.358680555555556,0.358680555555556,0.358680555555556,0.527112832134431,0.358680555555556
"JCB","~~","JR",1.845,0,NA,NA,1.845,1.845,1.845,0.684817027735585,1.845
"JCB","~~","JAR",0.0919194444444444,0,NA,NA,0.0919194444444444,0.0919194444444444,0.0919194444444444,0.16769499185615,0.0919194444444444
"JCB","~~","JPT",6.41094861111111,0,NA,NA,6.41094861111111,6.41094861111111,6.41094861111111,0.559832801909468,6.41094861111111
"JCB","~~","BPT",0.298763888888889,0,NA,NA,0.298763888888889,0.298763888888889,0.298763888888889,0.0564068518251624,0.298763888888889
"JCB","~~","BPL",12.4210333333333,0,NA,NA,12.4210333333333,12.4210333333333,12.4210333333333,0.099394145436588,12.4210333333333
"JCB","~~","PP",-2.49577638888889,0,NA,NA,-2.49577638888889,-2.49577638888889,-2.49577638888889,-0.578257419613458,-2.49577638888889
"JCB","~~","LP",-0.597066666666667,0,NA,NA,-0.597066666666667,-0.597066666666667,-0.597066666666667,-0.757551998326527,-0.597066666666667
"JCB","~~","TP",-0.233875,0,NA,NA,-0.233875,-0.233875,-0.233875,-0.457566076759301,-0.233875
"JCB","~~","JBP",-0.0508791666666666,0,NA,NA,-0.0508791666666666,-0.0508791666666666,-0.0508791666666666,-0.259868647032917,-0.0508791666666666
"JCB","~~","JBT",7.02370833333333,0,NA,NA,7.02370833333333,7.02370833333333,7.02370833333333,0.394186158610335,7.02370833333333
"JCB","~~","BBT",0.153720833333334,0,NA,NA,0.153720833333334,0.153720833333334,0.153720833333334,0.0783741590555689,0.153720833333334
"JCB","~~","BBL",2.93577916666666,0,NA,NA,2.93577916666666,2.93577916666666,2.93577916666666,0.0705537921251576,2.93577916666666
"JCB","~~","PB",-0.272875,0,NA,NA,-0.272875,-0.272875,-0.272875,-0.472464484881354,-0.272875
"JCB","~~","LB",-0.361805555555556,0,NA,NA,-0.361805555555556,-0.361805555555556,-0.361805555555556,-0.697986459433464,-0.361805555555556
"JCB","~~","TB",-0.281288888888889,0,NA,NA,-0.281288888888889,-0.281288888888889,-0.281288888888889,-0.710653977006251,-0.281288888888889
"JCL","~~","JCL",4.96642430555556,0,NA,NA,4.96642430555556,4.96642430555556,4.96642430555556,1,4.96642430555556
"JCL","~~","CP",0.858848611111111,0,NA,NA,0.858848611111111,0.858848611111111,0.858848611111111,0.470888010749994,0.858848611111111
"JCL","~~","JR",4.86916666666667,0,NA,NA,4.86916666666667,4.86916666666667,4.86916666666667,0.674276587807869,4.86916666666667
"JCL","~~","JAR",0.427176388888889,0,NA,NA,0.427176388888889,0.427176388888889,0.427176388888889,0.29075366802349,0.427176388888889
"JCL","~~","JPT",17.5170868055556,0,NA,NA,17.5170868055556,17.5170868055556,17.5170868055556,0.570693843973165,17.5170868055556
"JCL","~~","BPT",0.560352777777778,0,NA,NA,0.560352777777778,0.560352777777778,0.560352777777778,0.0394703108897184,0.560352777777778
"JCL","~~","BPL",36.3148916666666,0,NA,NA,36.3148916666666,36.3148916666666,36.3148916666666,0.108415927616205,36.3148916666666
"JCL","~~","PP",-7.75155902777778,0,NA,NA,-7.75155902777778,-7.75155902777778,-7.75155902777778,-0.670054087548052,-7.75155902777778
"JCL","~~","LP",-1.68736666666667,0,NA,NA,-1.68736666666667,-1.68736666666667,-1.68736666666667,-0.798738002852241,-1.68736666666667
"JCL","~~","TP",-0.6699625,0,NA,NA,-0.6699625,-0.6699625,-0.6699625,-0.489019045107372,-0.6699625
"JCL","~~","JBP",-0.0774104166666665,0,NA,NA,-0.0774104166666665,-0.0774104166666665,-0.0774104166666665,-0.147509014368204,-0.0774104166666665
"JCL","~~","JBT",21.9005375,0,NA,NA,21.9005375,21.9005375,21.9005375,0.458558698109788,21.9005375
"JCL","~~","BBT",0.461331250000001,0,NA,NA,0.461331250000001,0.461331250000001,0.461331250000001,0.0877522575675963,0.461331250000001
"JCL","~~","BBL",12.6301479166666,0,NA,NA,12.6301479166666,12.6301479166666,12.6301479166666,0.113242819535029,12.6301479166666
"JCL","~~","PB",-0.902870833333333,0,NA,NA,-0.902870833333333,-0.902870833333333,-0.902870833333333,-0.583225230404322,-0.902870833333333
"JCL","~~","LB",-0.961577777777778,0,NA,NA,-0.961577777777778,-0.961577777777778,-0.961577777777778,-0.692088200266174,-0.961577777777778
"JCL","~~","TB",-0.717544444444445,0,NA,NA,-0.717544444444445,-0.717544444444445,-0.717544444444445,-0.676331600746885,-0.717544444444445
"CP","~~","CP",0.669813888888889,0,NA,NA,0.669813888888889,0.669813888888889,0.669813888888889,1,0.669813888888889
"CP","~~","JR",2.08833333333333,0,NA,NA,2.08833333333333,2.08833333333333,2.08833333333333,0.787459264357192,2.08833333333333
"CP","~~","JAR",0.180119444444444,0,NA,NA,0.180119444444444,0.180119444444444,0.180119444444444,0.333828489203345,0.180119444444444
"CP","~~","JPT",8.54364861111111,0,NA,NA,8.54364861111111,8.54364861111111,8.54364861111111,0.757930737302417,8.54364861111111
"CP","~~","BPT",0.760538888888889,0,NA,NA,0.760538888888889,0.760538888888889,0.760538888888889,0.145873122679386,0.760538888888889
"CP","~~","BPL",20.3854083333334,0,NA,NA,20.3854083333334,20.3854083333334,20.3854083333334,0.165719108467166,20.3854083333334
"CP","~~","PP",-0.158893055555556,0,NA,NA,-0.158893055555556,-0.158893055555556,-0.158893055555556,-0.0373999098289669,-0.158893055555556
"CP","~~","LP",-0.0645666666666669,0,NA,NA,-0.0645666666666669,-0.0645666666666669,-0.0645666666666669,-0.0832239040120268,-0.0645666666666669
"CP","~~","TP",-0.0563916666666667,0,NA,NA,-0.0563916666666667,-0.0563916666666667,-0.0563916666666667,-0.112081786656443,-0.0563916666666667
"CP","~~","JBP",-0.0971875,0,NA,NA,-0.0971875,-0.0971875,-0.0971875,-0.504283087082811,-0.0971875
"CP","~~","JBT",11.5145416666667,0,NA,NA,11.5145416666667,11.5145416666667,11.5145416666667,0.656495349037015,11.5145416666667
"CP","~~","BBT",0.8580375,0,NA,NA,0.8580375,0.8580375,0.8580375,0.444423002293434,0.8580375
"CP","~~","BBL",14.3451958333333,0,NA,NA,14.3451958333333,14.3451958333333,14.3451958333333,0.350230169729125,14.3451958333333
"CP","~~","PB",0.0655833333333333,0,NA,NA,0.0655833333333333,0.0655833333333333,0.0655833333333333,0.115358341094379,0.0655833333333333
"CP","~~","LB",-0.110413888888889,0,NA,NA,-0.110413888888889,-0.110413888888889,-0.110413888888889,-0.216394176541136,-0.110413888888889
"CP","~~","TB",-0.152255555555556,0,NA,NA,-0.152255555555556,-0.152255555555556,-0.152255555555556,-0.390776877021987,-0.152255555555556
"JR","~~","JR",10.5,0,NA,NA,10.5,10.5,10.5,1,10.5
"JR","~~","JAR",0.980833333333333,0,NA,NA,0.980833333333333,0.980833333333333,0.980833333333333,0.459135041589964,0.980833333333333
"JR","~~","JPT",40.3616666666667,0,NA,NA,40.3616666666667,40.3616666666667,40.3616666666667,0.904352321884914,40.3616666666667
"JR","~~","BPT",-2.09333333333333,0,NA,NA,-2.09333333333333,-2.09333333333333,-2.09333333333333,-0.101408572148334,-2.09333333333333
"JR","~~","BPL",-20.3025,0,NA,NA,-20.3025,-20.3025,-20.3025,-0.0416855097919296,-20.3025
"JR","~~","PP",-9.06,0,NA,NA,-9.06,-9.06,-9.06,-0.538612292432439,-9.06
"JR","~~","LP",-1.5,0,NA,NA,-1.5,-1.5,-1.5,-0.488329996513522,-1.5
"JR","~~","TP",-0.810833333333334,0,NA,NA,-0.810833333333334,-0.810833333333334,-0.810833333333334,-0.407037229683909,-0.810833333333334
"JR","~~","JBP",-0.364166666666666,0,NA,NA,-0.364166666666666,-0.364166666666666,-0.364166666666666,-0.477250737049718,-0.364166666666666
"JR","~~","JBT",53.0766666666667,0,NA,NA,53.0766666666667,53.0766666666667,53.0766666666667,0.764312677395031,53.0766666666667
"JR","~~","BBT",1.93916666666667,0,NA,NA,1.93916666666667,1.93916666666667,1.93916666666667,0.253680930538251,1.93916666666667
"JR","~~","BBL",27.6783333333333,0,NA,NA,27.6783333333333,27.6783333333333,27.6783333333333,0.170674812043051,27.6783333333333
"JR","~~","PB",-0.820833333333333,0,NA,NA,-0.820833333333333,-0.820833333333333,-0.820833333333333,-0.364664028150759,-0.820833333333333
"JR","~~","LB",-1.21666666666667,0,NA,NA,-1.21666666666667,-1.21666666666667,-1.21666666666667,-0.602248736031792,-1.21666666666667
"JR","~~","TB",-1.035,0,NA,NA,-1.035,-1.035,-1.035,-0.670931966163435,-1.035
"JAR","~~","JAR",0.434630555555555,0,NA,NA,0.434630555555555,0.434630555555555,0.434630555555555,1,0.434630555555555
"JAR","~~","JPT",4.10154305555555,0,NA,NA,4.10154305555555,4.10154305555555,4.10154305555555,0.45170028385831,4.10154305555555
"JAR","~~","BPT",-1.84443055555556,0,NA,NA,-1.84443055555556,-1.84443055555556,-1.84443055555556,-0.439170448609712,-1.84443055555556
"JAR","~~","BPL",-40.7196833333333,0,NA,NA,-40.7196833333333,-40.7196833333333,-40.7196833333333,-0.410936305284012,-40.7196833333333
"JAR","~~","PP",-0.704740277777778,0,NA,NA,-0.704740277777778,-0.704740277777778,-0.704740277777778,-0.205926234637747,-0.704740277777778
"JAR","~~","LP",-0.184725,0,NA,NA,-0.184725,-0.184725,-0.184725,-0.295584965556198,-0.184725
"JAR","~~","TP",-0.100183333333333,0,NA,NA,-0.100183333333333,-0.100183333333333,-0.100183333333333,-0.247190934420034,-0.100183333333333
"JAR","~~","JBP",0.00412083333333336,0,NA,NA,0.00412083333333336,0.00412083333333336,0.00412083333333336,0.0265439767805877,0.00412083333333336
"JAR","~~","JBT",5.16440833333333,0,NA,NA,5.16440833333333,5.16440833333333,5.16440833333333,0.365529572094082,5.16440833333333
"JAR","~~","BBT",0.213920833333333,0,NA,NA,0.213920833333333,0.213920833333333,0.213920833333333,0.137549903045087,0.213920833333333
"JAR","~~","BBL",2.62282916666667,0,NA,NA,2.62282916666667,2.62282916666667,2.62282916666667,0.0794939403368457,2.62282916666667
"JAR","~~","PB",-0.15925,0,NA,NA,-0.15925,-0.15925,-0.15925,-0.347737801103553,-0.15925
"JAR","~~","LB",-0.139752777777778,0,NA,NA,-0.139752777777778,-0.139752777777778,-0.139752777777778,-0.340015925148929,-0.139752777777778
"JAR","~~","TB",-0.151127777777778,0,NA,NA,-0.151127777777778,-0.151127777777778,-0.151127777777778,-0.481522907598435,-0.151127777777778
"JPT","~~","JPT",189.702724305556,0,NA,NA,189.702724305556,189.702724305556,189.702724305556,1,189.702724305556
"JPT","~~","BPT",-3.40546388888889,0,NA,NA,-3.40546388888889,-3.40546388888889,-3.40546388888889,-0.03881239332443,-3.40546388888889
"JPT","~~","BPL",-109.824875,0,NA,NA,-109.824875,-109.824875,-109.824875,-0.0530510740858635,-109.824875
"JPT","~~","PP",-31.6799215277778,0,NA,NA,-31.6799215277778,-31.6799215277778,-31.6799215277778,-0.443088038369868,-31.6799215277778
"JPT","~~","LP",-4.51250833333333,0,NA,NA,-4.51250833333333,-4.51250833333333,-4.51250833333333,-0.345619331546299,-4.51250833333333
"JPT","~~","TP",-1.63202083333334,0,NA,NA,-1.63202083333334,-1.63202083333334,-1.63202083333334,-0.192746323794085,-1.63202083333334
"JPT","~~","JBP",-1.97333125,0,NA,NA,-1.97333125,-1.97333125,-1.97333125,-0.608421112668971,-1.97333125
"JPT","~~","JBT",214.274395833333,0,NA,NA,214.274395833333,214.274395833333,214.274395833333,0.725931375783046,214.274395833333
"JPT","~~","BBT",13.7677854166667,0,NA,NA,13.7677854166667,13.7677854166667,13.7677854166667,0.423735293964989,13.7677854166667
"JPT","~~","BBL",215.107077083333,0,NA,NA,215.107077083333,215.107077083333,215.107077083333,0.312062844358638,215.107077083333
"JPT","~~","PB",-2.14394583333333,0,NA,NA,-2.14394583333333,-2.14394583333333,-2.14394583333333,-0.224083363624528,-2.14394583333333
"JPT","~~","LB",-4.24763611111111,0,NA,NA,-4.24763611111111,-4.24763611111111,-4.24763611111111,-0.494663034544553,-4.24763611111111
"JPT","~~","TB",-3.47801111111111,0,NA,NA,-3.47801111111111,-3.47801111111111,-3.47801111111111,-0.530428639585638,-3.47801111111111
"BPT","~~","BPT",40.5824388888889,0,NA,NA,40.5824388888889,40.5824388888889,40.5824388888889,1,40.5824388888889
"BPT","~~","BPL",902.578008333333,0,NA,NA,902.578008333333,902.578008333333,902.578008333333,0.942640127291232,902.578008333333
"BPT","~~","PP",7.28952777777778,0,NA,NA,7.28952777777778,7.28952777777778,7.28952777777778,0.220431185463642,7.28952777777778
"BPT","~~","LP",0.859074999999998,0,NA,NA,0.859074999999998,0.859074999999998,0.859074999999998,0.142258688965004,0.859074999999998
"BPT","~~","TP",1.95968333333333,0,NA,NA,1.95968333333333,1.95968333333333,1.95968333333333,0.500396215564286,1.95968333333333
"BPT","~~","JBP",-0.247266666666666,0,NA,NA,-0.247266666666666,-0.247266666666666,-0.247266666666666,-0.164830497329227,-0.247266666666666
"BPT","~~","JBT",47.8216333333333,0,NA,NA,47.8216333333333,47.8216333333333,47.8216333333333,0.350281665377737,47.8216333333333
"BPT","~~","BBT",11.0498583333333,0,NA,NA,11.0498583333333,11.0498583333333,11.0498583333333,0.73528375808384,11.0498583333333
"BPT","~~","BBL",237.949541666667,0,NA,NA,237.949541666667,237.949541666667,237.949541666667,0.746345551224669,237.949541666667
"BPT","~~","PB",1.413,0,NA,NA,1.413,1.413,1.413,0.319304971335414,1.413
"BPT","~~","LB",1.18293611111111,0,NA,NA,1.18293611111111,1.18293611111111,1.18293611111111,0.297845576772206,1.18293611111111
"BPT","~~","TB",1.31109444444444,0,NA,NA,1.31109444444444,1.31109444444444,1.31109444444444,0.432312396737769,1.31109444444444
"BPL","~~","BPL",22591.21065,0,NA,NA,22591.21065,22591.21065,22591.21065,1,22591.21065
"BPL","~~","PP",135.67555,0,NA,NA,135.67555,135.67555,135.67555,0.173889977354103,135.67555
"BPL","~~","LP",24.4254166666667,0,NA,NA,24.4254166666667,24.4254166666667,24.4254166666667,0.171430866886261,24.4254166666667
"BPL","~~","TP",44.6902083333333,0,NA,NA,44.6902083333333,44.6902083333333,44.6902083333333,0.483659603809522,44.6902083333333
"BPL","~~","JBP",-7.29436666666666,0,NA,NA,-7.29436666666666,-7.29436666666666,-7.29436666666666,-0.206090941883108,-7.29436666666666
"BPL","~~","JBT",1352.4954,0,NA,NA,1352.4954,1352.4954,1352.4954,0.419882830716651,1352.4954
"BPL","~~","BBT",241.592458333333,0,NA,NA,241.592458333333,241.592458333333,241.592458333333,0.68136677854897,241.592458333333
"BPL","~~","BBL",5736.50556666667,0,NA,NA,5736.50556666667,5736.50556666667,5736.50556666667,0.76260880326588,5736.50556666667
"BPL","~~","PB",35.301275,0,NA,NA,35.301275,35.301275,35.301275,0.338106273316574,35.301275
"BPL","~~","LB",34.4109916666667,0,NA,NA,34.4109916666667,34.4109916666667,34.4109916666667,0.367220039397158,34.4109916666667
"BPL","~~","TB",32.8884666666667,0,NA,NA,32.8884666666667,32.8884666666667,32.8884666666667,0.459628190392879,32.8884666666667
"PP","~~","PP",26.9472576388889,0,NA,NA,26.9472576388889,26.9472576388889,26.9472576388889,1,26.9472576388889
"PP","~~","LP",4.12894166666667,0,NA,NA,4.12894166666667,4.12894166666667,4.12894166666667,0.839070114278062,4.12894166666667
"PP","~~","TP",2.42067083333333,0,NA,NA,2.42067083333333,2.42067083333333,2.42067083333333,0.758535025513109,2.42067083333333
"PP","~~","JBP",0.162522916666667,0,NA,NA,0.162522916666667,0.162522916666667,0.162522916666667,0.132953075119564,0.162522916666667
"PP","~~","JBT",-26.8942958333333,0,NA,NA,-26.8942958333333,-26.8942958333333,-26.8942958333333,-0.241749153878341,-26.8942958333333
"PP","~~","BBT",2.26902291666667,0,NA,NA,2.26902291666667,2.26902291666667,2.26902291666667,0.18528869785729,2.26902291666667
"PP","~~","BBL",61.2766562500001,0,NA,NA,61.2766562500001,61.2766562500001,61.2766562500001,0.235864140890112,61.2766562500001
"PP","~~","PB",3.20447916666667,0,NA,NA,3.20447916666667,3.20447916666667,3.20447916666667,0.888654112781131,3.20447916666667
"PP","~~","LB",2.71061388888889,0,NA,NA,2.71061388888889,2.71061388888889,2.71061388888889,0.837547234493793,2.71061388888889
"PP","~~","TB",1.66427222222222,0,NA,NA,1.66427222222222,1.66427222222222,1.66427222222222,0.673441477303372,1.66427222222222
"LP","~~","LP",0.8986,0,NA,NA,0.8986,0.8986,0.8986,1,0.8986
"LP","~~","TP",0.424341666666667,0,NA,NA,0.424341666666667,0.424341666666667,0.424341666666667,0.728164764456549,0.424341666666667
"LP","~~","JBP",-0.0279666666666667,0,NA,NA,-0.0279666666666667,-0.0279666666666667,-0.0279666666666667,-0.125284852312213,-0.0279666666666667
"LP","~~","JBT",-4.082075,0,NA,NA,-4.082075,-4.082075,-4.082075,-0.200936968065884,-4.082075
"LP","~~","BBT",0.354066666666666,0,NA,NA,0.354066666666666,0.354066666666666,0.354066666666666,0.158332172054613,0.354066666666666
"LP","~~","BBL",10.014225,0,NA,NA,10.014225,10.014225,10.014225,0.211085443501143,10.014225
"LP","~~","PB",0.601533333333333,0,NA,NA,0.601533333333333,0.601533333333333,0.601533333333333,0.913501113849609,0.601533333333333
"LP","~~","LB",0.544866666666667,0,NA,NA,0.544866666666667,0.544866666666667,0.544866666666667,0.92194703027336,0.544866666666667
"LP","~~","TB",0.357591666666667,0,NA,NA,0.357591666666667,0.357591666666667,0.357591666666667,0.7923863144798,0.357591666666667
"TP","~~","TP",0.377925,0,NA,NA,0.377925,0.377925,0.377925,1,0.377925
"TP","~~","JBP",-0.0193125,0,NA,NA,-0.0193125,-0.0193125,-0.0193125,-0.133406426873641,-0.0193125
"TP","~~","JBT",1.12015,0,NA,NA,1.12015,1.12015,1.12015,0.0850228081109452,1.12015
"TP","~~","BBT",0.809745833333333,0,NA,NA,0.809745833333333,0.809745833333333,0.809745833333333,0.55835864603489,0.809745833333333
"TP","~~","BBL",20.2970458333333,0,NA,NA,20.2970458333333,20.2970458333333,20.2970458333333,0.659711673685821,20.2970458333333
"TP","~~","PB",0.35235,0,NA,NA,0.35235,0.35235,0.35235,0.825095189358632,0.35235
"TP","~~","LB",0.31575,0,NA,NA,0.31575,0.31575,0.31575,0.823833570966507,0.31575
"TP","~~","TB",0.234291666666667,0,NA,NA,0.234291666666667,0.234291666666667,0.234291666666667,0.800546963819493,0.234291666666667
"JBP","~~","JBP",0.0554520833333333,0,NA,NA,0.0554520833333333,0.0554520833333333,0.0554520833333333,1,0.0554520833333333
"JBP","~~","JBT",-1.51980416666667,0,NA,NA,-1.51980416666667,-1.51980416666667,-1.51980416666667,-0.301155479483258,-1.51980416666667
"JBP","~~","BBT",-0.247964583333333,0,NA,NA,-0.247964583333333,-0.247964583333333,-0.247964583333333,-0.446373142467794,-0.247964583333333
"JBP","~~","BBL",-4.17223125,0,NA,NA,-4.17223125,-4.17223125,-4.17223125,-0.354024717996344,-4.17223125
"JBP","~~","PB",-0.0404541666666667,0,NA,NA,-0.0404541666666667,-0.0404541666666667,-0.0404541666666667,-0.247307288490119,-0.0404541666666667
"JBP","~~","LB",0.00705833333333327,0,NA,NA,0.00705833333333327,0.00705833333333327,0.00705833333333327,0.0480775322284162,0.00705833333333327
"JBP","~~","TB",0.0077833333333333,0,NA,NA,0.0077833333333333,0.0077833333333333,0.0077833333333333,0.0694287714428047,0.0077833333333333
"JBT","~~","JBT",459.278225,0,NA,NA,459.278225,459.278225,459.278225,1,459.278225
"JBT","~~","BBT",33.1363958333333,0,NA,NA,33.1363958333333,33.1363958333333,33.1363958333333,0.655442617406585,33.1363958333333
"JBT","~~","BBL",699.886120833333,0,NA,NA,699.886120833333,699.886120833333,699.886120833333,0.652549710108868,699.886120833333
"JBT","~~","PB",-1.28006666666667,0,NA,NA,-1.28006666666667,-1.28006666666667,-1.28006666666667,-0.0859859018991465,-1.28006666666667
"JBT","~~","LB",-2.28183333333333,0,NA,NA,-2.28183333333333,-2.28183333333333,-2.28183333333333,-0.170783114508316,-2.28183333333333
"JBT","~~","TB",-1.96641666666667,0,NA,NA,-1.96641666666667,-1.96641666666667,-1.96641666666667,-0.192739355580555,-1.96641666666667
"BBT","~~","BBT",5.56500208333333,0,NA,NA,5.56500208333333,5.56500208333333,5.56500208333333,1,5.56500208333333
"BBT","~~","BBL",112.66124375,0,NA,NA,112.66124375,112.66124375,112.66124375,0.954258469700656,112.66124375
"BBT","~~","PB",0.538345833333333,0,NA,NA,0.538345833333333,0.538345833333333,0.538345833333333,0.328519596311148,0.538345833333333
"BBT","~~","LB",0.328166666666667,0,NA,NA,0.328166666666667,0.328166666666667,0.328166666666667,0.223131424029541,0.328166666666667
"BBT","~~","TB",0.3151,0,NA,NA,0.3151,0.3151,0.3151,0.280574709133694,0.3151
"BBL","~~","BBL",2504.67686875,0,NA,NA,2504.67686875,2504.67686875,2504.67686875,1,2504.67686875
"BBL","~~","PB",13.7217541666667,0,NA,NA,13.7217541666667,13.7217541666667,13.7217541666667,0.394699314359641,13.7217541666667
"BBL","~~","LB",11.3255583333333,0,NA,NA,11.3255583333333,11.3255583333333,11.3255583333333,0.362980007928671,11.3255583333333
"BBL","~~","TB",9.840525,0,NA,NA,9.840525,9.840525,9.840525,0.413023916275825,9.840525
"PB","~~","PB",0.482541666666667,0,NA,NA,0.482541666666667,0.482541666666667,0.482541666666667,1,0.482541666666667
"PB","~~","LB",0.3825,0,NA,NA,0.3825,0.3825,0.3825,0.883207943747882,0.3825
"PB","~~","TB",0.243908333333333,0,NA,NA,0.243908333333333,0.243908333333333,0.243908333333333,0.737550925771903,0.243908333333333
"LB","~~","LB",0.388688888888889,0,NA,NA,0.388688888888889,0.388688888888889,0.388688888888889,1,0.388688888888889
"LB","~~","TB",0.274522222222222,0,NA,NA,0.274522222222222,0.274522222222222,0.274522222222222,0.924930768061558,0.274522222222222
"TB","~~","TB",0.226638888888889,0,NA,NA,0.226638888888889,0.226638888888889,0.226638888888889,1,0.226638888888889
